date,close
2016-01-01,101.72523896637844
2016-01-04,101.24097670539429
2016-01-05,101.29536108365956
2016-01-06,101.72079306166444
2016-01-07,100.98841192450445
2016-01-08,101.01053693607042
2016-01-11,101.02994844569288
2016-01-12,99.56837916799603
2016-01-13,100.51164598522384
2016-01-14,101.0793460101954
2016-01-15,100.54619952784624
2016-01-18,100.41930095203584
2016-01-19,100.85448101497039
2016-01-20,100.6667452956367
2016-01-21,100.50183168448181
2016-01-22,99.46449488064579
2016-01-25,99.9040200169897
2016-01-26,100.01522965441853
2016-01-27,100.2293751859187
2016-01-28,99.21447616918132
2016-01-29,100.4134551214606
2016-02-01,100.55191057793864
2016-02-02,100.28754463252692
2016-02-03,101.7545819491041
2016-02-04,101.7384964427871
2016-02-05,100.65007176193352
2016-02-08,100.34966727154865
2016-02-09,98.64231970302092
2016-02-10,99.57423495377378
2016-02-11,99.23085566706138
2016-02-12,98.63006359640018
2016-02-15,99.52852925322945
2016-02-16,98.19412640942613
2016-02-17,98.67917123919115
2016-02-18,96.97387549425585
2016-02-19,96.38077737042316
2016-02-22,95.32588950104174
2016-02-23,96.66886771422955
2016-02-24,98.3784701269953
2016-02-25,98.05619049568136
2016-02-26,98.91411144267373
2016-02-29,98.75685001299024
2016-03-01,99.31150660080374
2016-03-02,98.6456016243177
2016-03-03,97.15946350264906
2016-03-04,95.50486330395616
2016-03-07,95.90635952664486
2016-03-08,98.10753990529119
2016-03-09,98.4309041554673
2016-03-10,97.8859672765379
2016-03-11,99.90529514625149
2016-03-14,100.2005089978999
2016-03-15,100.33313914978024
2016-03-16,100.62105785531712
2016-03-17,100.50685249138205
2016-03-18,100.22776048316604
2016-03-21,98.92876000667587
2016-03-22,99.4250331432337
2016-03-23,99.35786605225336
2016-03-24,100.42982309782064
2016-03-25,100.11910697222213
2016-03-28,98.51180941571091
2016-03-29,98.4389893988587
2016-03-30,99.97747052861212
2016-03-31,99.62887260960545
2016-04-01,98.83187360653582
2016-04-04,97.77972475392063
2016-04-05,96.85375203286033
2016-04-06,96.60444899335798
2016-04-07,95.61788833743033
2016-04-08,96.93116680897492
2016-04-11,96.69392178533435
2016-04-12,96.80771157765665
2016-04-13,98.03017993796682
2016-04-14,99.37328785392197
2016-04-15,99.19616942658644
2016-04-18,99.51029200329997
2016-04-19,100.15865708772557
2016-04-20,100.01698224679896
2016-04-21,98.62016153640076
2016-04-22,99.201518220818
2016-04-25,99.97329986015714
2016-04-26,100.34075344304367
2016-04-27,99.61810496903915
2016-04-28,99.48234576376298
2016-04-29,99.05378536133652
2016-05-02,98.85312742817935
2016-05-03,99.79399677010268
2016-05-04,100.94104827993904
2016-05-05,101.48430072525032
2016-05-06,101.92512823764932
2016-05-09,102.45109799396575
2016-05-10,102.46262589500705
2016-05-11,102.42999532710057
2016-05-12,101.99741444131956
2016-05-13,101.98109290475091
2016-05-16,103.43977362638255
2016-05-17,104.106032442069
2016-05-18,103.87474726366479
2016-05-19,103.56115875532979
2016-05-20,102.99079826748677
2016-05-23,103.264766110168
2016-05-24,103.5422634563802
2016-05-25,102.64930787139441
2016-05-26,102.99090658957842
2016-05-27,102.64639636453406
2016-05-30,103.5617457230337
2016-05-31,103.68567387713784
2016-06-01,104.80111401422822
2016-06-02,104.50600164229249
2016-06-03,104.33471872021998
2016-06-06,104.5486911414752
2016-06-07,105.22953424515006
2016-06-08,105.60910254042552
2016-06-09,104.86848698410137
2016-06-10,105.0049096688614
2016-06-13,105.03946664968203
2016-06-14,104.80862683458993
2016-06-15,104.46047389648763
2016-06-16,105.46334876171164
2016-06-17,105.24534172641833
2016-06-20,104.76525959926487
2016-06-21,105.1613529576215
2016-06-22,105.25808976594004
2016-06-23,105.2366576822141
2016-06-24,105.68209667679702
2016-06-27,105.96776933396195
2016-06-28,106.18127115278197
2016-06-29,106.70333120823084
2016-06-30,106.8736843530906
2016-07-01,106.57971853422963
2016-07-04,106.41866217938131
2016-07-05,106.18409760915684
2016-07-06,106.30664681922548
2016-07-07,105.82071645244706
2016-07-08,104.96661525988213
2016-07-11,105.03389576179278
2016-07-12,104.37624197697899
2016-07-13,103.3726634735497
2016-07-14,103.61107213221868
2016-07-15,103.22944650632442
2016-07-18,103.52702125724306
2016-07-19,103.25827238202598
2016-07-20,102.68243249481588
2016-07-21,102.03334309390748
2016-07-22,101.76956173645931
2016-07-25,101.642729394143
2016-07-26,101.23396956228939
2016-07-27,101.10869798496664
2016-07-28,100.3594464704161
2016-07-29,100.3872053630452
2016-08-01,99.49094153521766
2016-08-02,99.4030806714205
2016-08-03,99.79834916520016
2016-08-04,100.4011063602631
2016-08-05,101.3573056681776
2016-08-08,100.45841435536984
2016-08-09,100.95242214819875
2016-08-10,101.72012935781221
2016-08-11,102.36541243553361
2016-08-12,101.79263417438086
2016-08-15,102.07479916727513
2016-08-16,103.24947961023608
2016-08-17,102.2496780231228
2016-08-18,102.60988237780973
2016-08-19,103.40341580283987
2016-08-22,102.93417225181045
2016-08-23,103.35647172846245
2016-08-24,102.65901657552715
2016-08-25,102.13398533968716
2016-08-26,101.61496209463886
2016-08-29,101.76056835882005
2016-08-30,101.7238153556382
2016-08-31,102.32234011037396
2016-09-01,101.77254129134106
2016-09-02,101.71355623214396
2016-09-05,102.29542041205045
2016-09-06,102.64573945049462
2016-09-07,101.90607469330892
2016-09-08,102.32111445676692
2016-09-09,102.06253508728311
2016-09-12,102.3019071407344
2016-09-13,102.4887158849467
2016-09-14,103.16651444624321
2016-09-15,103.25193857043256
2016-09-16,102.28020385519731
2016-09-19,101.50029326438788
2016-09-20,101.96396912965841
2016-09-21,101.82976475681478
2016-09-22,102.5102196007094
2016-09-23,102.69273729071196
2016-09-26,102.28436962075023
2016-09-27,102.91808689546171
2016-09-28,102.47476692853598
2016-09-29,101.33432606135082
2016-09-30,102.6710383132318
2016-10-03,101.32012464687263
2016-10-04,101.84129041336814
2016-10-05,102.5860180496668
2016-10-06,102.7198101548046
2016-10-07,101.50362620962542
2016-10-10,102.3206594327353
2016-10-11,101.21162613947439
2016-10-12,100.14790847767043
2016-10-13,99.86954027464238
2016-10-14,100.51641689610142
2016-10-17,100.77204744745546
2016-10-18,101.40641526612136
2016-10-19,101.09509070902479
2016-10-20,100.99117895809925
2016-10-21,100.22757443831622
2016-10-24,100.02758409429894
2016-10-25,100.4449744727213
2016-10-26,100.26898270520137
2016-10-27,100.58923651467633
2016-10-28,100.25781350383498
2016-10-31,99.9243930215761
2016-11-01,99.96720092112974
2016-11-02,99.8777495063043
2016-11-03,100.21977561354541
2016-11-04,100.3351039267945
2016-11-07,101.26051078837381
2016-11-08,101.15623271534974
2016-11-09,101.0518759829679
2016-11-10,100.52149449387167
2016-11-11,100.5537649529854
2016-11-14,100.92728343219981
2016-11-15,100.56907576637362
2016-11-16,100.56406799363431
2016-11-17,100.9371433950024
2016-11-18,100.89541246594732
2016-11-21,100.66981113356749
2016-11-22,101.14351642010615
2016-11-23,101.20960020993155
2016-11-24,101.41243574440728
2016-11-25,101.96341460757733
2016-11-28,102.52098207340836
2016-11-29,102.37409009673361
2016-11-30,102.14748259608197
2016-12-01,102.29950046122968
2016-12-02,102.25986209330475
2016-12-05,101.44461689796447
2016-12-06,102.08968767663737
2016-12-07,102.11996651823947
2016-12-08,102.504722073193
2016-12-09,101.94942730716308
2016-12-12,102.61925019807181
2016-12-13,102.33186856537493
2016-12-14,102.29703479472094
2016-12-15,101.6217935712392
2016-12-16,101.5555395870256
2016-12-19,101.46036101604889
2016-12-20,101.39016957166665
2016-12-21,101.61880452260257
2016-12-22,101.6672776658027
2016-12-23,102.13182754359242
2016-12-26,101.93606412978404
2016-12-27,101.50569059932812
2016-12-28,101.51723663135448
2016-12-29,101.81855097489722
2016-12-30,102.39323022877858
2017-01-02,102.79160181910727
2017-01-03,101.99334633816393
2017-01-04,102.20461884197236
2017-01-05,102.94975921968823
2017-01-06,103.0032446493274
2017-01-09,102.76127474570707
2017-01-10,102.93608380359383
2017-01-11,102.71197995743988
2017-01-12,103.0379452311613
2017-01-13,103.05240034156733
2017-01-16,103.71729017633362
2017-01-17,103.98200299914033
2017-01-18,103.65555517895197
2017-01-19,103.96467172616059
2017-01-20,104.42829807787484
2017-01-23,104.17747906197081
2017-01-24,103.99792922349673
2017-01-25,102.96012182038996
2017-01-26,103.4661057653602
2017-01-27,103.17033750445852
2017-01-30,102.0762857347129
2017-01-31,101.04903564327732
2017-02-01,100.9266269265964
2017-02-02,101.41664254281957
2017-02-03,101.38253827033819
2017-02-06,101.68074754673472
2017-02-07,101.07040792645736
2017-02-08,100.3170111409992
2017-02-09,100.86603577775219
2017-02-10,101.18007375048114
2017-02-13,101.18254685360264
2017-02-14,101.92548469510787
2017-02-15,101.39224320482879
2017-02-16,101.16847089828988
2017-02-17,101.76904737659865
2017-02-20,102.84572898741547
2017-02-21,102.87163810469315
2017-02-22,103.9216755506449
2017-02-23,103.54441922755456
2017-02-24,103.77772595333423
2017-02-27,103.69006929023297
2017-02-28,102.76016219959388
2017-03-01,102.94437647275039
2017-03-02,103.53827879651503
2017-03-03,103.46772507546862
2017-03-06,103.44661617528446
2017-03-07,104.2677720802397
2017-03-08,103.53923334542701
2017-03-09,102.64476293840153
2017-03-10,102.24723480368726
2017-03-13,101.52240431564954
2017-03-14,102.39899080032855
2017-03-15,102.62439107505084
2017-03-16,102.09385516466281
2017-03-17,101.72695738837085
2017-03-20,103.52322105417223
2017-03-21,103.06447055472681
2017-03-22,102.50516703757417
2017-03-23,102.7527862555534
2017-03-24,103.23343293079601
2017-03-27,103.41058282599987
2017-03-28,102.81545752401877
2017-03-29,102.05977183580868
2017-03-30,102.48486029369059
2017-03-31,102.4694118605092
2017-04-03,101.44848750336617
2017-04-04,102.26170543780988
2017-04-05,102.81917245567294
2017-04-06,102.67503699051738
2017-04-07,102.52451324535481
2017-04-10,102.69172361757946
2017-04-11,102.29270410216036
2017-04-12,101.508566288479
2017-04-13,101.72782842850121
2017-04-14,100.89214974583211
2017-04-17,101.15481872819565
2017-04-18,100.31096277149894
2017-04-19,100.26907418069382
2017-04-20,100.20763517836137
2017-04-21,101.2652515078751
2017-04-24,100.60999360656777
2017-04-25,99.73187148251543
2017-04-26,99.32725071734991
2017-04-27,98.6290673915859
2017-04-28,98.26929709087558
2017-05-01,98.5529420066276
2017-05-02,99.04374063226172
2017-05-03,100.07063295120477
2017-05-04,99.61045840860872
2017-05-05,101.3322011723488
2017-05-08,102.93419228085324
2017-05-09,102.77333509958126
2017-05-10,100.85787767235534
2017-05-11,100.79771367416652
2017-05-12,100.8847956125588
2017-05-15,98.89718774182342
2017-05-16,98.99078636984409
2017-05-17,98.8197398127902
2017-05-18,98.12641556494677
2017-05-19,98.70327216849995
2017-05-22,99.59796164848953
2017-05-23,99.19502379445619
2017-05-24,99.40736490888597
2017-05-25,98.90168787445704
2017-05-26,98.30964467183195
2017-05-29,98.38991036245493
2017-05-30,98.79265616613846
2017-05-31,98.41266869208096
2017-06-01,96.91998143998237
2017-06-02,97.3954755456813
2017-06-05,96.21217525751803
2017-06-06,96.32817041938758
2017-06-07,97.70815248786518
2017-06-08,97.71367713789043
2017-06-09,96.79030679799267
2017-06-12,95.64784033478624
2017-06-13,96.63581198141111
2017-06-14,96.64087763230077
2017-06-15,97.09531146860128
2017-06-16,97.84232537635985
2017-06-19,97.82357088876701
2017-06-20,97.61242762098252
2017-06-21,96.95393944735771
2017-06-22,94.80965419296923
2017-06-23,93.47306538129581
2017-06-26,93.42719369531716
2017-06-27,93.29087012746577
2017-06-28,93.65110097595519
2017-06-29,93.56654054044381
2017-06-30,93.70954385430444
2017-07-03,94.31885052624239
2017-07-04,93.68592109191624
2017-07-05,93.49633281887651
2017-07-06,92.40237086294353
2017-07-07,93.13374652627124
2017-07-10,93.18052751517715
2017-07-11,93.54350574997684
2017-07-12,94.6198420414521
2017-07-13,95.42613581194783
2017-07-14,95.40105689900157
2017-07-17,95.97698737765924
2017-07-18,95.00247727567928
2017-07-19,95.3338281868068
2017-07-20,95.44968639020077
2017-07-21,94.39242430417004
2017-07-24,95.35632611091182
2017-07-25,94.86161513090612
2017-07-26,95.3682636654088
2017-07-27,95.0940457925631
2017-07-28,95.7846893580723
2017-07-31,96.69788292907559
2017-08-01,96.13456558170854
2017-08-02,95.10236405843999
2017-08-03,95.0269565627125
2017-08-04,95.63235071697588
2017-08-07,95.39750806975877
2017-08-08,95.01310016889977
2017-08-09,95.34518771992364
2017-08-10,93.65878357068452
2017-08-11,93.1749782763743
2017-08-14,92.18166558758529
2017-08-15,92.42213365046769
2017-08-16,91.9089942653924
2017-08-17,91.14402618917764
2017-08-18,90.91303131804781
2017-08-21,89.9421225892525
2017-08-22,89.95093047535114
2017-08-23,89.51293251911235
2017-08-24,89.28524677213554
2017-08-25,88.85467727409645
2017-08-28,89.43224385245468
2017-08-29,89.38355135043993
2017-08-30,89.71001496875223
2017-08-31,90.0033337004043
2017-09-01,89.57238353008012
2017-09-04,89.90403682346282
2017-09-05,90.11013314303582
2017-09-06,90.29216341882832
2017-09-07,90.1083550887442
2017-09-08,89.91678111221312
2017-09-11,90.3107990513768
2017-09-12,91.37374404269303
2017-09-13,90.93427103416954
2017-09-14,91.2443627484227
2017-09-15,91.0674285051041
2017-09-18,91.49171935670996
2017-09-19,91.73538741475188
2017-09-20,92.286514685985
2017-09-21,90.89060512486188
2017-09-22,90.53276622244543
2017-09-25,89.95148956498788
2017-09-26,89.90420100285448
2017-09-27,89.5028116001443
2017-09-28,89.15727071019177
2017-09-29,89.5535696549865
2017-10-02,90.61594008192503
2017-10-03,88.92978001075143
2017-10-04,88.71601134294245
2017-10-05,88.95726907804259
2017-10-06,88.97832444499765
2017-10-09,88.76861715305628
2017-10-10,87.93211528921522
2017-10-11,87.34032475203534
2017-10-12,87.82368880744458
2017-10-13,88.52339893891838
2017-10-16,88.60304412730352
2017-10-17,88.10815761470658
2017-10-18,88.18363111944701
2017-10-19,88.06199289779711
2017-10-20,88.38486555574957
2017-10-23,88.46715861206916
2017-10-24,88.15822717019849
2017-10-25,88.27384944154605
2017-10-26,87.70774496053669
2017-10-27,88.13945974036072
2017-10-30,88.75301755835808
2017-10-31,88.16415819407486
2017-11-01,88.4024419605813
2017-11-02,87.91650029060635
2017-11-03,88.48118211785561
2017-11-06,88.96820538419202
2017-11-07,88.86657911041823
2017-11-08,89.38428658453248
2017-11-09,89.1840117125142
2017-11-10,88.88624549918424
2017-11-13,88.63052370999252
2017-11-14,88.58199969090555
2017-11-15,88.45260637786966
2017-11-16,88.53857629061771
2017-11-17,88.29245890562942
2017-11-20,88.63380787216566
2017-11-21,89.08356078829904
2017-11-22,88.88838454458727
2017-11-23,88.30732852327037
2017-11-24,88.64420034117019
2017-11-27,89.1619130897387
2017-11-28,89.10628356571976
2017-11-29,88.56427132968425
2017-11-30,88.70201874746738
2017-12-01,89.38959844902244
2017-12-04,88.53317382264181
2017-12-05,88.79584952149611
2017-12-06,88.65696229090969
2017-12-07,88.26171185629438
2017-12-08,88.51868784478594
2017-12-11,87.92822959936167
2017-12-12,88.08932404032973
2017-12-13,88.72513602515632
2017-12-14,88.8294095150343
2017-12-15,88.43281629075523
2017-12-18,87.61636814196738
2017-12-19,86.98409456108458
2017-12-20,86.04874351465864
2017-12-21,86.97231994725733
2017-12-22,86.8388929501632
2017-12-25,86.25088770930806
2017-12-26,85.5183185461241
2017-12-27,84.90665398950495
2017-12-28,84.72551164924025
2017-12-29,84.01671537707392
2018-01-01,85.00886084659813
2018-01-02,84.55886301905332
2018-01-03,84.09846744071359
2018-01-04,84.29969495598189
2018-01-05,85.15881969116847
2018-01-08,85.98630387921882
2018-01-09,85.69513082037862
2018-01-10,85.86850279169396
2018-01-11,85.97364042041383
2018-01-12,86.29152748673548
2018-01-15,86.45026972617596
2018-01-16,85.96500793683511
2018-01-17,85.31645168106547
2018-01-18,85.42845887420549
2018-01-19,84.83124598260176
2018-01-22,85.57002959365109
2018-01-23,85.6091621124966
2018-01-24,85.08392244890992
2018-01-25,84.93073664072558
2018-01-26,84.68886661032828
2018-01-29,84.64070810080857
2018-01-30,85.11133608573115
2018-01-31,84.43534896714347
2018-02-01,83.52207556724098
2018-02-02,83.72301038469914
2018-02-05,83.64638094953436
2018-02-06,83.74593127991152
2018-02-07,83.98056202896623
2018-02-08,83.91101038728928
2018-02-09,84.29701458364835
2018-02-12,83.90482708350561
2018-02-13,83.95100131487759
2018-02-14,83.60187504700554
2018-02-15,83.12550524353067
2018-02-16,83.41554787415753
2018-02-19,83.68145969927716
2018-02-20,82.86660407497615
2018-02-21,82.35252720749816
2018-02-22,82.50893020994637
2018-02-23,83.02377687333589
2018-02-26,82.72629125804862
2018-02-27,82.65780495863126
2018-02-28,82.04483242104136
2018-03-01,83.23502280868061
2018-03-02,83.52018024059069
2018-03-05,84.02935268689734
2018-03-06,84.40796785387576
2018-03-07,84.92980816100577
2018-03-08,85.27653799187405
2018-03-09,85.11584978622288
2018-03-12,85.51486957602631
2018-03-13,85.57213895576321
2018-03-14,86.22610165406721
2018-03-15,85.86984723542233
2018-03-16,85.6170115048048
2018-03-19,85.95627331463373
2018-03-20,86.5897265111813
2018-03-21,86.67942815186237
2018-03-22,86.35425838942791
2018-03-23,86.31524508145529
2018-03-26,86.10495596001392
2018-03-27,86.97224308452226
2018-03-28,87.43887028675336
2018-03-29,88.09088554251382
2018-03-30,88.26492385818943
2018-04-02,88.00410100431371
2018-04-03,88.598120354586
2018-04-04,89.45227736178126
2018-04-05,89.78786908289959
2018-04-06,89.79287195370502
2018-04-09,90.36903978233386
2018-04-10,90.19276502670654
2018-04-11,90.59964168383716
2018-04-12,90.25966475083715
2018-04-13,89.79821080548098
2018-04-16,90.09701920321795
2018-04-17,90.279521358637
2018-04-18,91.20340134219241
2018-04-19,91.07343810154055
2018-04-20,91.10365037362591
2018-04-23,90.56051969233997
2018-04-24,89.64832047900757
2018-04-25,88.70047677114682
2018-04-26,88.99012264564692
2018-04-27,88.339471054424
2018-04-30,89.00848225124818
2018-05-01,89.86584909596395
2018-05-02,89.7076663825226
2018-05-03,90.71617870553087
2018-05-04,90.88034243872156
2018-05-07,91.59690167708206
2018-05-08,91.47304993857927
2018-05-09,92.07400606541599
2018-05-10,91.5202698714076
2018-05-11,91.9148109778219
2018-05-14,91.6619670981537
2018-05-15,91.60562272346043
2018-05-16,91.97243751006225
2018-05-17,92.08441128183621
2018-05-18,92.06392339735173
2018-05-21,92.45049486908333
2018-05-22,92.87207785232795
2018-05-23,92.20149818548765
2018-05-24,92.5094803747434
2018-05-25,92.86920666965639
2018-05-28,92.51143189643227
2018-05-29,92.72094449332792
2018-05-30,92.10291819032965
2018-05-31,92.83992703218283
2018-06-01,92.73362858678365
2018-06-04,92.71227637554715
2018-06-05,93.32036822941126
2018-06-06,93.26679006733244
2018-06-07,93.57904030056363
2018-06-08,93.09381594834181
2018-06-11,92.83595141294983
2018-06-12,92.19473991118733
2018-06-13,92.11044518150374
2018-06-14,92.62287662056748
2018-06-15,92.75010081127611
2018-06-18,93.18675977074024
2018-06-19,92.71996586268483
2018-06-20,92.31793752606764
2018-06-21,92.11542692950381
2018-06-22,92.3995754753542
2018-06-25,92.58102431569235
2018-06-26,92.59271780660843
2018-06-27,92.88156750928857
2018-06-28,92.83509964328609
2018-06-29,92.84466365419188
2018-07-02,93.39670560204696
2018-07-03,93.164929977129
2018-07-04,93.26057644706398
2018-07-05,93.94487801565809
2018-07-06,94.00915863357838
2018-07-09,94.33523065740339
2018-07-10,94.09189048708674
2018-07-11,94.94924792981587
2018-07-12,93.88933221912235
2018-07-13,93.28307779694362
2018-07-16,92.71558879107181
2018-07-17,93.64436798643064
2018-07-18,93.87565901681486
2018-07-19,93.7414629318989
2018-07-20,93.04207516635879
2018-07-23,93.27012333800363
2018-07-24,93.35236939639826
2018-07-25,92.99911494348879
2018-07-26,92.23460567942733
2018-07-27,91.64774480742338
2018-07-30,91.7844049131628
2018-07-31,91.96944366455048
2018-08-01,92.02583694519552
2018-08-02,91.96822999534704
2018-08-03,91.1329226802354
2018-08-06,91.17667861432751
2018-08-07,90.67488411468067
2018-08-08,90.71420162999912
2018-08-09,90.96027544111558
2018-08-10,90.65546953964028
2018-08-13,90.19338020553269
2018-08-14,90.6827231637407
2018-08-15,90.8696346010804
2018-08-16,90.59094845096847
2018-08-17,89.24332078004667
2018-08-20,89.23258403164425
2018-08-21,89.60300898520993
2018-08-22,90.239304631267
2018-08-23,89.87797925456556
2018-08-24,89.54421982671867
2018-08-27,89.32548896835122
2018-08-28,89.77883944139268
2018-08-29,89.19106007180638
2018-08-30,89.14973672496308
2018-08-31,88.70093402474896
2018-09-03,88.85379558293633
2018-09-04,88.11690479481751
2018-09-05,88.32776140732625
2018-09-06,88.09799460395848
2018-09-07,88.00695976508327
2018-09-10,88.27162656689092
2018-09-11,88.81760230886145
2018-09-12,88.0365366771238
2018-09-13,88.56345691190836
2018-09-14,88.86731200414349
2018-09-17,88.73731554085596
2018-09-18,89.43922611794042
2018-09-19,89.55358167772656
2018-09-20,90.21327643578252
2018-09-21,89.92691106967642
2018-09-24,89.51076601440033
2018-09-25,90.14041398563883
2018-09-26,91.2783723903275
2018-09-27,91.67451910161122
2018-09-28,92.21496683912305
2018-10-01,91.95699510741797
2018-10-02,91.228856972594
2018-10-03,91.11621728645541
2018-10-04,91.97541095127357
2018-10-05,90.89802991971284
2018-10-08,90.59889591059434
2018-10-09,89.43766480111576
2018-10-10,89.52862031963768
2018-10-11,90.1141068151335
2018-10-12,89.33417969870915
2018-10-15,89.08511552431817
2018-10-16,89.94033255767994
2018-10-17,89.9005097205328
2018-10-18,89.14533811680408
2018-10-19,88.33166672405274
2018-10-22,87.0554840212348
2018-10-23,87.6244387366816
2018-10-24,87.11959389421455
2018-10-25,87.8587616717212
2018-10-26,88.4779068717892
2018-10-29,88.04264364467673
2018-10-30,87.70838890354538
2018-10-31,88.22950948145024
2018-11-01,88.34253379590109
2018-11-02,88.52452985636317
2018-11-05,87.57374510896065
2018-11-06,88.15354015422102
2018-11-07,87.62711147818266
2018-11-08,86.26233526411053
2018-11-09,85.85027555166533
2018-11-12,86.15285234125413
2018-11-13,87.5516859829409
2018-11-14,87.29066445470878
2018-11-15,86.35926250239714
2018-11-16,87.93957519573559
2018-11-19,88.09166051287114
2018-11-20,87.8998595737377
2018-11-21,87.09569893239123
2018-11-22,86.35097607388606
2018-11-23,87.48972992504726
2018-11-26,87.29191699908839
2018-11-27,86.90090370576213
2018-11-28,86.54514574029044
2018-11-29,87.67672001643065
2018-11-30,87.2508010979423
2018-12-03,87.72691305490406
2018-12-04,87.93419921474207
2018-12-05,88.11583866192237
2018-12-06,87.55744655490953
2018-12-07,88.00263847491061
2018-12-10,89.04871035556
2018-12-11,89.0309099756894
2018-12-12,88.44960832211879
2018-12-13,87.6384823503223
2018-12-14,87.78109665151615
2018-12-17,87.62749061324949
2018-12-18,87.58190471222332
2018-12-19,87.6062893994345
2018-12-20,86.80459968627503
2018-12-21,87.27590112984055
2018-12-24,87.42797999929034
2018-12-25,87.404151011493
2018-12-26,87.54521673368683
2018-12-27,88.04083310786916
2018-12-28,88.08607367731582
2018-12-31,87.68067448944743
2019-01-01,88.2758832706314
2019-01-02,88.0741226796585
2019-01-03,87.7356639118703
2019-01-04,87.00113491994301
2019-01-07,87.02256812169821
2019-01-08,86.52703198176911
2019-01-09,86.28881686623131
2019-01-10,86.52188433698858
2019-01-11,86.5547782337772
2019-01-14,87.0336777213256
2019-01-15,87.19151069490005
2019-01-16,87.02843065978512
2019-01-17,86.90236907345782
2019-01-18,86.70511281791626
2019-01-21,86.99088457357914
2019-01-22,87.0171126584499
2019-01-23,86.87036862384907
2019-01-24,87.21898097193144
2019-01-25,87.27438259265028
2019-01-28,87.11310461623675
2019-01-29,86.56130096938254
2019-01-30,86.75376298953303
2019-01-31,86.8650249702004
2019-02-01,86.9021330059599
2019-02-04,86.75686220161325
2019-02-05,86.46757598949839
2019-02-06,86.40118327804286
2019-02-07,86.502143150361
2019-02-08,86.4740979701345
2019-02-11,86.44110126747965
2019-02-12,86.29883372654207
2019-02-13,86.43053194845612
2019-02-14,86.52580222272694
2019-02-15,86.29575808518882
2019-02-18,86.56480074289823
2019-02-19,86.84691138515433
2019-02-20,87.13976934453719
2019-02-21,87.11247581957976
2019-02-22,87.06459667323716
2019-02-25,86.69893060287593
2019-02-26,86.97491593728267
2019-02-27,86.25861617932884
2019-02-28,86.1218307215758
2019-03-01,86.00804853369952
2019-03-04,86.34892801666376
2019-03-05,86.36596601681597
2019-03-06,86.0256500446608
2019-03-07,85.50905202447079
2019-03-08,85.23936762474492
2019-03-11,85.2980804830865
2019-03-12,85.33610516655563
2019-03-13,85.27980899958749
2019-03-14,85.04889932405158
2019-03-15,84.99017652994227
2019-03-18,85.36001457051462
2019-03-19,84.98070518897353
2019-03-20,85.01011187692067
2019-03-21,85.612128471216
2019-03-22,85.84659588008982
2019-03-25,85.68740860490972
2019-03-26,85.95596599171171
2019-03-27,85.68913233074856
2019-03-28,85.70892569502938
2019-03-29,86.29900025667632
2019-04-01,87.07027071829579
2019-04-02,86.33184230041158
2019-04-03,86.68362538845172
2019-04-04,87.6257992573499
2019-04-05,87.35429217210775
2019-04-08,87.50553788598224
2019-04-09,88.2794121971205
2019-04-10,88.03559946745732
2019-04-11,88.28674201571718
2019-04-12,88.27461801751356
2019-04-15,87.36261099888992
2019-04-16,87.56466148729331
2019-04-17,87.48709192686009
2019-04-18,87.96824557578458
2019-04-19,89.04073007096875
2019-04-22,89.45192904891783
2019-04-23,89.26233764223115
2019-04-24,89.52622121350696
2019-04-25,89.6514538224458
2019-04-26,90.19653304412242
2019-04-29,89.46868245651883
2019-04-30,88.85839277311408
2019-05-01,87.76556732513924
2019-05-02,88.1518523008026
2019-05-03,88.15820463523649
2019-05-06,87.81173997243118
2019-05-07,87.42749937973517
2019-05-08,87.13444242232859
2019-05-09,86.66269122838455
2019-05-10,86.51151216161858
2019-05-13,86.2787410577498
2019-05-14,86.98291768373352
2019-05-15,87.16762272324891
2019-05-16,86.77560263167113
2019-05-17,86.50435326964237
2019-05-20,87.10279030430495
2019-05-21,87.34569763346906
2019-05-22,87.50666507948849
2019-05-23,87.8647070176057
2019-05-24,88.62746797428099
2019-05-27,88.03488788280445
2019-05-28,87.67156300478075
2019-05-29,86.81758334480682
2019-05-30,87.1024084489256
2019-05-31,86.9206375914387
2019-06-03,86.5967093536376
2019-06-04,86.23508716070135
2019-06-05,86.59200772611831
2019-06-06,86.54048475718932
2019-06-07,86.3098307848615
2019-06-10,86.90220403592821
2019-06-11,86.4254350248722
2019-06-12,85.84283590923158
2019-06-13,87.13313330280702
2019-06-14,86.93044055827374
2019-06-17,86.63467249065926
2019-06-18,86.24586566258847
2019-06-19,86.1881775676261
2019-06-20,86.61870725769997
2019-06-21,87.0309358892344
2019-06-24,87.33075213562202
2019-06-25,87.20698249318494
2019-06-26,86.49715733869738
2019-06-27,86.6594560429908
2019-06-28,87.43340727489975
2019-07-01,88.0177827855102
2019-07-02,87.94508462651336
2019-07-03,88.37870469977578
2019-07-04,88.19822432541724
2019-07-05,88.1883903517427
2019-07-08,87.6144311995464
2019-07-09,87.47726608587227
2019-07-10,87.5615721875317
2019-07-11,87.5013665643188
2019-07-12,87.86240865056604
2019-07-15,88.72035037126491
2019-07-16,89.39583147464845
2019-07-17,89.25612264600876
2019-07-18,88.90915329128696
2019-07-19,88.60661897531482
2019-07-22,88.15449202829014
2019-07-23,88.18851404796021
2019-07-24,88.4024910471059
2019-07-25,88.50350177114714
2019-07-26,88.60679612147275
2019-07-29,88.69249838815702
2019-07-30,88.65507458272278
2019-07-31,88.37165801480063
2019-08-01,89.08775759525837
2019-08-02,89.57067904237843
2019-08-05,89.17945989840081
2019-08-06,88.79021263200714
2019-08-07,88.54464901338879
2019-08-08,88.5769262663849
2019-08-09,89.1349128156798
2019-08-12,89.60575186831646
2019-08-13,90.10825340623606
2019-08-14,90.63027924336261
2019-08-15,91.17239881179489
2019-08-16,91.54733677424639
2019-08-19,91.78412566183113
2019-08-20,91.74655888997484
2019-08-21,90.97453411283253
2019-08-22,90.92928633266776
2019-08-23,91.80717096480616
2019-08-26,91.54280582139333
2019-08-27,91.24211327459558
2019-08-28,91.77014854110723
2019-08-29,91.82935826532895
2019-08-30,91.61292331648697
2019-09-02,92.37746560930229
2019-09-03,92.71584117485378
2019-09-04,93.11709298933786
2019-09-05,92.85320424435626
2019-09-06,93.11547902336397
2019-09-09,93.3150136363143
2019-09-10,93.69856161264809
2019-09-11,94.25634868246942
2019-09-12,94.81859147128539
2019-09-13,94.92174585303424
2019-09-16,95.27149062459335
2019-09-17,94.74799974004449
2019-09-18,95.0783862218746
2019-09-19,95.4249658408886
2019-09-20,95.25989039119263
2019-09-23,94.92222291195081
2019-09-24,94.91429902286279
2019-09-25,94.39503855562275
2019-09-26,94.56955391503341
2019-09-27,94.71998595331814
2019-09-30,94.32644436970735
2019-10-01,94.3661554505613
2019-10-02,94.84146264985448
2019-10-03,95.32607127543848
2019-10-04,95.79843959136007
2019-10-07,95.74909493889862
2019-10-08,95.61854571766808
2019-10-09,95.46873517822686
2019-10-10,95.7391211422526
2019-10-11,96.75150145856176
2019-10-14,97.47786055889539
2019-10-15,98.339264711013
2019-10-16,99.12896377890168
2019-10-17,98.19531023448683
2019-10-18,98.0891411535299
2019-10-21,97.84802405437406
2019-10-22,98.60017109366254
2019-10-23,99.64489752411785
2019-10-24,99.23033071318773
2019-10-25,99.27490134877308
2019-10-28,99.63799809844922
2019-10-29,99.36436893440724
2019-10-30,99.0178949331909
2019-10-31,98.6520916488897
2019-11-01,99.1674757423069
2019-11-04,98.67959001534939
2019-11-05,99.3331124014479
2019-11-06,99.4024765240363
2019-11-07,99.83673211897955
2019-11-08,100.70445683820085
2019-11-11,100.33443871889062
2019-11-12,99.88835667924403
2019-11-13,100.14974789149078
2019-11-14,99.60299961308029
2019-11-15,99.22009792683414
2019-11-18,99.17824564135748
2019-11-19,99.28054650982307
2019-11-20,98.66908688357294
2019-11-21,98.48970542034155
2019-11-22,98.80501471765828
2019-11-25,99.49778779866169
2019-11-26,98.49724404388459
2019-11-27,99.27320202102862
2019-11-28,99.82334112401485
2019-11-29,99.19458965833053
2019-12-02,98.33292780742165
2019-12-03,98.61418964567142
2019-12-04,98.37923843923448
2019-12-05,98.47896029520497
2019-12-06,98.98814182734729
2019-12-09,98.79724126483474
2019-12-10,98.90615253917629
2019-12-11,99.17861529807558
2019-12-12,99.66150297515922
2019-12-13,100.60498224333003
2019-12-16,101.6041391783878
2019-12-17,101.77483570945796
2019-12-18,101.65308745172044
2019-12-19,103.06110818168293
2019-12-20,103.52526241352813
2019-12-23,103.83621580447033
2019-12-24,103.1346828730546
2019-12-25,103.67112476489963
2019-12-26,103.18454691596311
2019-12-27,102.91145559257313
2019-12-30,102.10494285396909
2019-12-31,101.79514395029652
2020-01-01,101.85419252033792
2020-01-02,100.98433914630498
2020-01-03,100.44973114013817
2020-01-06,100.42203332654593
2020-01-07,99.69718606452088
2020-01-08,98.96408057471675
2020-01-09,98.4741996407912
2020-01-10,97.64570483984308
2020-01-13,98.05001789708375
2020-01-14,97.46277985852505
2020-01-15,97.95312919494742
2020-01-16,98.53398910855694
2020-01-17,97.82981755503737
2020-01-20,97.87454557305281
2020-01-21,97.61162332514111
2020-01-22,96.98149240982058
2020-01-23,96.80753444425324
2020-01-24,96.69220007407641
2020-01-27,97.0960690400598
2020-01-28,97.66512098662268
2020-01-29,97.09026346658199
2020-01-30,96.8881415445517
2020-01-31,97.18907154075278
2020-02-03,97.8225897385978
2020-02-04,96.54476002281766
2020-02-05,97.36815441812624
2020-02-06,97.2788503473466
2020-02-07,98.25778491920573
2020-02-10,97.99679834834689
2020-02-11,97.48597529646977
2020-02-12,97.5338115303768
2020-02-13,98.26445190772355
2020-02-14,98.30316137595854
2020-02-17,96.92433191027467
2020-02-18,97.41657915969778
2020-02-19,96.35101655744312
2020-02-20,92.84864191443445
2020-02-21,89.05727639556751
2020-02-24,84.69845051499752
2020-02-25,80.56877884138989
2020-02-26,76.53800044239756
2020-02-27,72.69424739672466
2020-02-28,69.13312107769434
2020-03-02,65.38743871684566
2020-03-03,61.123760481903524
2020-03-04,57.49475132359569
2020-03-05,59.093222540497145
2020-03-06,60.521680002371056
2020-03-09,61.407181048203284
2020-03-10,62.30878360594252
2020-03-11,63.12488933671167
2020-03-12,63.94069992392879
2020-03-13,64.72514212809519
2020-03-16,64.3661532841589
2020-03-17,63.82465526543149
2020-03-18,63.858580021658604
2020-03-19,64.60707351194999
2020-03-20,65.39537151184444
2020-03-23,64.17191058737706
2020-03-24,64.05123788356494
2020-03-25,62.200807779031486
2020-03-26,62.76186049605321
2020-03-27,62.815346474240975
2020-03-30,62.86452537278836
2020-03-31,62.78504040906774
2020-04-01,63.63410030990325
2020-04-02,63.453451560862696
2020-04-03,64.12103249985192
2020-04-06,64.48683305429846
2020-04-07,64.72070952820208
2020-04-08,65.00971649473655
2020-04-09,65.08657465003209
2020-04-10,64.49894474685065
2020-04-13,64.90651664364356
2020-04-14,65.30599160353611
2020-04-15,65.24266675235944
2020-04-16,65.62806862918082
2020-04-17,66.09274114609049
2020-04-20,65.46887362312411
2020-04-21,65.40997697478724
2020-04-22,65.20834799625203
2020-04-23,64.79964627268575
2020-04-24,64.96137231973536
2020-04-27,64.60002983972363
2020-04-28,64.42301194325583
2020-04-29,64.53971061780777
2020-04-30,64.69549737060316
2020-05-01,64.83569584739762
2020-05-04,65.71027065919078
2020-05-05,65.49841113571695
2020-05-06,65.61990147442776
2020-05-07,65.13120691877722
2020-05-08,65.34819591416459
2020-05-11,65.83825740045238
2020-05-12,66.36521872950458
2020-05-13,66.1031914299973
2020-05-14,65.99844278111875
2020-05-15,66.52739921044157
2020-05-18,66.5013971102609
2020-05-19,66.90410415481225
2020-05-20,66.5223364192027
2020-05-21,67.09933686016797
2020-05-22,67.55110891562171
2020-05-25,67.76454327403727
2020-05-26,67.444475714045
2020-05-27,67.39218675673384
2020-05-28,67.46571764240969
2020-05-29,67.58023876947013
2020-06-01,67.5548402971616
2020-06-02,67.48999892695154
2020-06-03,67.57041046376318
2020-06-04,68.05649347872256
2020-06-05,67.35944119894629
2020-06-08,66.83298672824924
2020-06-09,66.21995970621487
2020-06-10,65.9406747062166
2020-06-11,65.23253458307416
2020-06-12,65.49244265531843
2020-06-15,65.54719201281188
2020-06-16,65.45422377799677
2020-06-17,65.19336728026731
2020-06-18,65.26820983377381
2020-06-19,65.34905152727364
2020-06-22,65.4835757533306
2020-06-23,65.23691934641649
2020-06-24,65.47854234869645
2020-06-25,64.98394319489317
2020-06-26,65.45154831651935
2020-06-29,64.31958729442727
2020-06-30,64.04852607748688
2020-07-01,63.50554505014164
2020-07-02,63.889141123311546
2020-07-03,63.217140096447636
2020-07-06,64.1105112342077
2020-07-07,63.310631551451316
2020-07-08,64.44845570278228
2020-07-09,64.74144938464613
2020-07-10,64.7729347013238
2020-07-13,65.03752264191695
2020-07-14,66.28419381286218
2020-07-15,66.87802806937495
2020-07-16,65.46713812916143
2020-07-17,66.3483663278996
2020-07-20,66.53337586232969
2020-07-21,65.41035065175363
2020-07-22,65.986166102943
2020-07-23,65.12587251186653
2020-07-24,65.27052360261419
2020-07-27,65.44566719884381
2020-07-28,65.02896123612226
2020-07-29,65.45891303336359
2020-07-30,64.83393459401434
2020-07-31,64.9655247839245
2020-08-03,64.65433245231861
2020-08-04,64.56291569081384
2020-08-05,65.63478874738283
2020-08-06,65.71638821446216
2020-08-07,65.09735089791948
2020-08-10,65.04232120235704
2020-08-11,64.63002925993652
2020-08-12,64.65727054273354
2020-08-13,64.75395752552562
2020-08-14,64.80906837104449
2020-08-17,64.861893431353
2020-08-18,64.62694950694842
2020-08-19,64.83856675014877
2020-08-20,65.30676515494342
2020-08-21,65.05062528707754
2020-08-24,65.03894666179282
2020-08-25,65.07662706108636
2020-08-26,65.58204761138202
2020-08-27,66.03343267143211
2020-08-28,65.74695559646003
2020-08-31,65.78928080539484
2020-09-01,65.22474362997136
2020-09-02,64.84776099849708
2020-09-03,64.86678563945723
2020-09-04,65.12453850842745
2020-09-07,65.50265163366004
2020-09-08,65.39649431204924
2020-09-09,64.9093711867791
2020-09-10,65.07429323804477
2020-09-11,65.02297798774187
2020-09-14,65.18836285663465
2020-09-15,65.2575142699273
2020-09-16,65.51391776547494
2020-09-17,65.74795897529367
2020-09-18,66.04295645409269
2020-09-21,65.90290039923784
2020-09-22,66.24146145480525
2020-09-23,66.08841388105377
2020-09-24,66.1291263520694
2020-09-25,66.72980530213245
2020-09-28,66.86833935887454
2020-09-29,66.48440849480468
2020-09-30,67.01790305080453
2020-10-01,67.40230729500037
2020-10-02,67.84419071517036
2020-10-05,67.93347409851269
2020-10-06,68.07562223710877
2020-10-07,68.00507856238272
2020-10-08,67.77413405897937
2020-10-09,68.3172673335684
2020-10-12,68.19522232725804
2020-10-13,68.03704150033712
2020-10-14,67.89609041681729
2020-10-15,68.54589560296797
2020-10-16,68.89302070770064
2020-10-19,68.7672733856503
2020-10-20,68.76423547842386
2020-10-21,68.95992953956227
2020-10-22,69.28136804431749
2020-10-23,68.73195642190913
2020-10-26,69.08367172511367
2020-10-27,69.01581962845434
2020-10-28,68.78131011483927
2020-10-29,68.65601108280835
2020-10-30,68.94497736783119
2020-11-02,69.57068925099651
2020-11-03,69.64096829519693
2020-11-04,69.86052968782059
2020-11-05,69.58005624594436
2020-11-06,69.7707121216665
2020-11-09,70.07514907980803
2020-11-10,69.56624749000666
2020-11-11,69.3906297779195
2020-11-12,69.69054279941234
2020-11-13,69.07387572473334
2020-11-16,68.94255454606719
2020-11-17,69.1829293102171
2020-11-18,68.57286492892581
2020-11-19,68.42954558484841
2020-11-20,68.46429356225893
2020-11-23,68.80903004835741
2020-11-24,68.34836142799097
2020-11-25,68.78677486668421
2020-11-26,68.9198224742712
2020-11-27,69.38808459416835
2020-11-30,69.85716249451121
2020-12-01,70.0077363340446
2020-12-02,70.21096377073182
2020-12-03,69.56620128149021
2020-12-04,69.03023843703609
2020-12-07,68.6224632085254
2020-12-08,68.49025637713781
2020-12-09,68.88337148991181
2020-12-10,68.17440238960334
2020-12-11,68.04786224877671
2020-12-14,67.50529516205846
2020-12-15,66.84790977489014
2020-12-16,67.53413186768586
2020-12-17,67.59490212247256
2020-12-18,68.36558894124524
2020-12-21,68.96944455734693
2020-12-22,68.5163922084729
2020-12-23,67.60608764591652
2020-12-24,68.74838329793694
2020-12-25,68.51272945052216
2020-12-28,67.85281693197409
2020-12-29,68.27615194781504
2020-12-30,68.36903825371247
2020-12-31,68.01057621262039
2021-01-01,67.83791082783618
2021-01-04,67.93500368872097
2021-01-05,67.98534202622271
2021-01-06,68.3600095661179
2021-01-07,68.2073816579947
2021-01-08,68.06557549200457
2021-01-11,68.34213019095043
2021-01-12,68.48996693564213
2021-01-13,68.95892698099131
2021-01-14,68.86726503504784
2021-01-15,68.84102216839064
2021-01-18,68.40279191259806
2021-01-19,69.01437370226026
2021-01-20,68.44251280353053
2021-01-21,68.5442249282277
2021-01-22,68.18432818936509
2021-01-25,68.338381964554
2021-01-26,68.65280581120955
2021-01-27,68.01472342033236
2021-01-28,67.93906378895545
2021-01-29,67.24009857223136
2021-02-01,67.87057970450431
2021-02-02,67.68100849552799
2021-02-03,66.99925581308845
2021-02-04,66.68714197012346
2021-02-05,67.29769713524014
2021-02-08,68.01531336796525
2021-02-09,68.66537812293892
2021-02-10,68.2761789727725
2021-02-11,68.21316359206341
2021-02-12,69.02068524134572
2021-02-15,68.65497658105872
2021-02-16,68.4991959511805
2021-02-17,68.04975188320019
2021-02-18,67.50435377377667
2021-02-19,68.10549363093192
2021-02-22,68.43395857887387
2021-02-23,68.66738369776255
2021-02-24,68.95620926349221
2021-02-25,69.44456293836272
2021-02-26,70.16838707782223
2021-03-01,70.178847978239
2021-03-02,70.03069346188003
2021-03-03,69.57664095083949
2021-03-04,70.08732967818985
2021-03-05,69.86251087788298
2021-03-08,69.20722764352725
2021-03-09,69.0953687260411
2021-03-10,69.12014662366266
2021-03-11,69.49515627722145
2021-03-12,69.94292924235951
2021-03-15,69.63956899789838
2021-03-16,69.313140158571
2021-03-17,69.18943434409425
2021-03-18,68.71406171487257
2021-03-19,68.68265480479035
2021-03-22,68.8795666206923
2021-03-23,68.90996227294967
2021-03-24,68.32325804244462
2021-03-25,67.86633421197962
2021-03-26,68.39872204575647
2021-03-29,67.99091390020206
2021-03-30,68.3128645904343
2021-03-31,68.58759351721714
2021-04-01,68.47085163880449
2021-04-02,68.09503260517126
2021-04-05,68.19110962768643
2021-04-06,67.86976233881343
2021-04-07,67.81722330163564
2021-04-08,67.8693509635111
2021-04-09,67.63108738673668
2021-04-12,67.56595262410477
2021-04-13,67.47580014886834
2021-04-14,67.08639796197224
2021-04-15,67.03589837585267
2021-04-16,66.84215256695818
2021-04-19,66.27335223497994
2021-04-20,66.16865734800537
2021-04-21,66.08596308383463
2021-04-22,65.90028272398017
2021-04-23,65.25017960616941
2021-04-26,65.54512228162676
2021-04-27,65.80514725158106
2021-04-28,66.05067187787074
2021-04-29,66.17836375326748
2021-04-30,65.76225736280918
2021-05-03,65.8185885984641
2021-05-04,65.51697811530543
2021-05-05,66.27731705499232
2021-05-06,66.08536851195224
2021-05-07,66.35519365993684
2021-05-10,65.78348992773016
2021-05-11,65.32916171941649
2021-05-12,65.12663202338018
2021-05-13,65.41492363231907
2021-05-14,65.63987364920546
2021-05-17,65.76210216603222
2021-05-18,65.09868263222846
2021-05-19,65.56464674486159
2021-05-20,65.20132948882936
2021-05-21,65.87064687613879
2021-05-24,66.70069250637185
2021-05-25,67.11416686993881
2021-05-26,67.60314681196368
2021-05-27,67.01096970388954
2021-05-28,68.2990996856257
2021-05-31,68.44377408251731
2021-06-01,69.03623856829198
2021-06-02,68.55432752231376
2021-06-03,68.53113470026985
2021-06-04,67.90339013417967
2021-06-07,67.78621307560398
2021-06-08,67.80785516813276
2021-06-09,67.94957146401474
2021-06-10,68.6392932873284
2021-06-11,68.89627230264493
2021-06-14,69.029742962259
2021-06-15,69.06177062393252
2021-06-16,69.99424240253362
2021-06-17,69.71143503018983
2021-06-18,70.31892147544076
2021-06-21,69.34008795829983
2021-06-22,68.86687056022758
2021-06-23,69.10543253103295
2021-06-24,69.03413688806978
2021-06-25,70.58812034811524
2021-06-28,72.33509254869026
2021-06-29,71.11879352527295
2021-06-30,70.23947715977239
2021-07-01,70.13588472879789
2021-07-02,71.53654081313043
2021-07-05,72.53875455430024
2021-07-06,72.84182026070546
2021-07-07,71.67081056973174
2021-07-08,70.96351447987408
2021-07-09,68.77135508693344
2021-07-12,67.28862572977626
2021-07-13,67.73586577418668
2021-07-14,68.52482807406236
2021-07-15,67.29821758498782
2021-07-16,67.41937126327443
2021-07-19,68.948003590586
2021-07-20,69.12847176356443
2021-07-21,68.85632651481006
2021-07-22,69.42909471423914
2021-07-23,69.91367927879702
2021-07-26,70.00087653221001
2021-07-27,69.58367342121088
2021-07-28,69.27059316255747
2021-07-29,69.35579749581179
2021-07-30,68.98255419352749
2021-08-02,69.91978602963992
2021-08-03,70.57715559843294
2021-08-04,71.37194278334432
2021-08-05,72.86575463348953
2021-08-06,74.18969180959917
2021-08-09,75.46505198256907
2021-08-10,75.82833761385756
2021-08-11,75.67653659489841
2021-08-12,77.66907840511516
2021-08-13,77.0162049439098
2021-08-16,76.44015770094961
2021-08-17,75.65746463696857
2021-08-18,75.8712886769003
2021-08-19,76.25242463764697
2021-08-20,77.13455520025279
2021-08-23,76.96462581746466
2021-08-24,75.60641365356943
2021-08-25,75.89418583386406
2021-08-26,76.70628472923404
2021-08-27,76.7508018694686
2021-08-30,76.66584810995435
2021-08-31,77.10142071776326
2021-09-01,78.15798228703795
2021-09-02,78.12663240014409
2021-09-03,77.12598515176599
2021-09-06,76.72869494471952
2021-09-07,76.62903220745257
2021-09-08,75.43464685114432
2021-09-09,76.01046695153869
2021-09-10,75.48266281276425
2021-09-13,75.85283562112416
2021-09-14,76.00099402450246
2021-09-15,75.81748667465044
2021-09-16,76.84657764486572
2021-09-17,76.49103626520912
2021-09-20,76.07770878940501
2021-09-21,76.27638955771712
2021-09-22,76.79661599471844
2021-09-23,76.81172636437208
2021-09-24,76.27098116108817
2021-09-27,76.6777001792668
2021-09-28,77.02915919711127
2021-09-29,78.17861385168314
2021-09-30,78.05844000085894
2021-10-01,78.20125321530999
2021-10-04,77.89492707225577
2021-10-05,77.09439527689618
2021-10-06,77.15319243569307
2021-10-07,77.63699028024557
2021-10-08,77.1018347335669
2021-10-11,76.75222611145139
2021-10-12,76.14937253428342
2021-10-13,76.8821224054611
2021-10-14,76.54751787057701
2021-10-15,76.87592971568237
2021-10-18,76.43769511908228
2021-10-19,76.49217470193311
2021-10-20,76.19664466843591
2021-10-21,75.08207591318401
2021-10-22,75.14059368917341
2021-10-25,75.43881048368377
2021-10-26,74.37430072320055
2021-10-27,74.28817013037064
2021-10-28,74.06347664968051
2021-10-29,73.50452716266813
2021-11-01,73.38530378063587
2021-11-02,72.41371673707707
2021-11-03,72.56825375392721
2021-11-04,73.22269400475366
2021-11-05,72.54630888573303
2021-11-08,72.52436599366985
2021-11-09,73.30352865369085
2021-11-10,73.3868658912655
2021-11-11,73.1230626207475
2021-11-12,72.66589993490238
2021-11-15,72.77172999977422
2021-11-16,72.72085904817426
2021-11-17,73.03523450323802
2021-11-18,72.34617505341409
2021-11-19,72.88521936383965
2021-11-22,72.70127654121087
2021-11-23,73.02173738349413
2021-11-24,72.69997963146834
2021-11-25,72.12414487315363
2021-11-26,71.8745389075108
2021-11-29,71.4578526231787
2021-11-30,71.30375454763174
2021-12-01,71.60007812039348
2021-12-02,72.07717622589881
2021-12-03,72.18020646964169
2021-12-06,71.96784597627189
2021-12-07,71.79787225261809
2021-12-08,72.04782818780771
2021-12-09,72.50747750615312
2021-12-10,72.39273717314244
2021-12-13,72.35855437993288
2021-12-14,72.09167615408973
2021-12-15,72.18274012240875
2021-12-16,72.54227640299963
2021-12-17,71.5066924733915
2021-12-20,71.63759560780407
2021-12-21,71.40972571067627
2021-12-22,70.43415666678897
2021-12-23,70.60297715178267
2021-12-24,70.57451245327367
2021-12-27,70.75760625885404
2021-12-28,70.16925501233897
2021-12-29,71.1633312966742
2021-12-30,71.23562039818164
2021-12-31,71.07739123572216
2022-01-03,71.83341355240664
2022-01-04,72.18444680850934
2022-01-05,72.62094392228427
2022-01-06,73.22195890215148
2022-01-07,72.18020751231562
2022-01-10,73.15110411363327
2022-01-11,72.95222672222059
2022-01-12,73.13548167365997
2022-01-13,73.67614650132845
2022-01-14,73.28754404190124
2022-01-17,73.47810595362398
2022-01-18,73.90061798362433
2022-01-19,73.8933566937997
2022-01-20,74.15847397197545
2022-01-21,73.38760108316656
2022-01-24,72.78829778092683
2022-01-25,72.20539708736227
2022-01-26,72.41452778776258
2022-01-27,74.35065784012
2022-01-28,74.56114756517151
2022-01-31,74.47066989489507
2022-02-01,74.44168380518053
2022-02-02,75.09824210320373
2022-02-03,75.58044852551868
2022-02-04,74.86370437161466
2022-02-07,75.53370270444746
2022-02-08,75.53335700993206
2022-02-09,76.05577187262801
2022-02-10,74.8578090491725
2022-02-11,73.83954788619002
2022-02-14,74.26979467960622
2022-02-15,73.07573965766787
2022-02-16,73.37185404123976
2022-02-17,73.62195792643675
2022-02-18,73.73423043405262
2022-02-21,73.9770717487883
2022-02-22,74.15602970624008
2022-02-23,74.43700829947696
2022-02-24,74.21852448898476
2022-02-25,74.22126415105396
2022-02-28,75.8051472091566
2022-03-01,76.60432212145992
2022-03-02,77.04854081302989
2022-03-03,77.3319795469395
2022-03-04,76.86987316802539
2022-03-07,77.03053836049432
2022-03-08,76.89432962722745
2022-03-09,77.46868603058276
2022-03-10,76.94638984658067
2022-03-11,75.60075066361101
2022-03-14,75.24307553691756
2022-03-15,75.7073374949243
2022-03-16,77.29062556669754
2022-03-17,78.09138448972766
2022-03-18,77.359326098301
2022-03-21,77.2094744285021
2022-03-22,76.54225741787049
2022-03-23,76.42526942668222
2022-03-24,75.83550370328881
2022-03-25,74.7667707312776
2022-03-28,75.09167375118973
2022-03-29,75.23847317089235
2022-03-30,75.14344689764802
2022-03-31,75.37227274947179
2022-04-01,76.60623977089945
2022-04-04,76.70060802991391
2022-04-05,76.47188544074994
2022-04-06,77.02578058002044
2022-04-07,76.03583855864919
2022-04-08,76.54032027244146
2022-04-11,76.0630351265617
2022-04-12,75.5719502408117
2022-04-13,75.65396346909266
2022-04-14,76.65002033312933
2022-04-15,76.19670038453725
2022-04-18,76.79898149636352
2022-04-19,77.04708869017344
2022-04-20,76.24053173894583
2022-04-21,76.81544083806155
2022-04-22,76.33018774474645
2022-04-25,75.47552368969245
2022-04-26,75.00608735725311
2022-04-27,74.58635632410173
2022-04-28,74.94761214984092
2022-04-29,74.54665108095077
2022-05-02,75.39574652447621
2022-05-03,75.54105948895224
2022-05-04,75.15097588691863
2022-05-05,74.70770992953234
2022-05-06,74.84592444651199
2022-05-09,73.81213942488
2022-05-10,72.5883536327423
2022-05-11,72.03676512186769
2022-05-12,72.44867213785878
2022-05-13,72.57350936218376
2022-05-16,72.60085221046532
2022-05-17,72.49465222979698
2022-05-18,71.34060494058872
2022-05-19,71.15795368310283
2022-05-20,70.14853027033907
2022-05-23,70.6810267662835
2022-05-24,70.68979815807234
2022-05-25,70.65126560778168
2022-05-26,70.88934490736771
2022-05-27,71.07870980818187
2022-05-30,71.21455169697919
2022-05-31,71.40409152225376
2022-06-01,71.1323525895446
2022-06-02,70.51875878905594
2022-06-03,70.69804405874342
2022-06-06,71.39131574558263
2022-06-07,71.90574160590599
2022-06-08,71.81374486828558
2022-06-09,72.12087928364724
2022-06-10,71.92971302856367
2022-06-13,72.11818518197039
2022-06-14,71.86632574436383
2022-06-15,71.94080932803693
2022-06-16,72.78687402021822
2022-06-17,73.16329992723027
2022-06-20,73.8752201330023
2022-06-21,73.51084353376555
2022-06-22,73.1957546903821
2022-06-23,73.19178973195362
2022-06-24,73.4585556584266
2022-06-27,73.38102888177576
2022-06-28,73.82916105857198
2022-06-29,73.6066918831267
2022-06-30,74.19516768062769
2022-07-01,74.63722363979912
2022-07-04,74.15915666729572
2022-07-05,74.43478454289564
2022-07-06,74.35162609888086
2022-07-07,74.79824020810165
2022-07-08,74.58344209890359
2022-07-11,74.72815482158919
2022-07-12,74.96436911941446
2022-07-13,73.89262769250847
2022-07-14,72.99809673671483
2022-07-15,73.08024154207318
2022-07-18,73.03079157454808
2022-07-19,73.54126146370294
2022-07-20,73.66705227122226
2022-07-21,73.08234329227365
2022-07-22,73.2554296195896
2022-07-25,72.92078727221542
2022-07-26,72.83044042400834
2022-07-27,72.62116153233355
2022-07-28,72.78488053797183
2022-07-29,72.21149927535059
2022-08-01,71.74524132781426
2022-08-02,70.80111712859075
2022-08-03,71.8789490250246
2022-08-04,71.32870493013796
2022-08-05,70.85915954969565
2022-08-08,70.23927675927244
2022-08-09,69.89787267308537
2022-08-10,69.67709154393526
2022-08-11,70.00889631730722
2022-08-12,70.11178929626494
2022-08-15,70.2853692303507
2022-08-16,70.02259875378192
2022-08-17,70.00320814554999
2022-08-18,70.55250273040457
2022-08-19,70.55628199223305
2022-08-22,70.70307747738308
2022-08-23,69.86972517325731
2022-08-24,70.12457038524829
2022-08-25,70.25571853720939
2022-08-26,70.83650487898281
2022-08-29,69.60989501534026
2022-08-30,69.63596784623323
2022-08-31,69.58182043314582
2022-09-01,69.6343712739821
2022-09-02,69.3381696295474
2022-09-05,69.44579372208459
2022-09-06,69.77405330333733
2022-09-07,69.80158038234315
2022-09-08,69.68245398019765
2022-09-09,69.60118222533004
2022-09-12,69.45281683373442
2022-09-13,69.47543520526062
2022-09-14,69.21340939383336
2022-09-15,68.48755915142988
2022-09-16,69.05209782552545
2022-09-19,68.30824102038866
2022-09-20,68.25705505352043
2022-09-21,67.6860922676471
2022-09-22,67.55898905928228
2022-09-23,67.1424142700795
2022-09-26,67.12554932510527
2022-09-27,66.77813749813653
2022-09-28,66.24834505147889
2022-09-29,66.37957019392555
2022-09-30,66.92638519453644
2022-10-03,67.07328576050008
2022-10-04,67.11821586524319
2022-10-05,66.7039468939121
2022-10-06,66.6706281892906
2022-10-07,66.84157311929319
2022-10-10,66.59927325129418
2022-10-11,66.92902968655908
2022-10-12,66.91377323084274
2022-10-13,67.0388223223369
2022-10-14,66.86784700687812
2022-10-17,66.70314998725637
2022-10-18,66.7758101020955
2022-10-19,66.89945080536451
2022-10-20,67.00856979746294
2022-10-21,66.69798120031292
2022-10-24,66.47019876999701
2022-10-25,66.46328702557186
2022-10-26,65.90766856215195
2022-10-27,66.2528090945548
2022-10-28,66.35690770319397
2022-10-31,66.3679458259009
2022-11-01,66.13969103880565
2022-11-02,66.39669127980578
2022-11-03,66.30865972351025
2022-11-04,66.8926355954172
2022-11-07,67.02366697886787
2022-11-08,66.52457568170232
2022-11-09,66.7768816835516
2022-11-10,66.58892615022073
2022-11-11,66.40740758122938
2022-11-14,66.32290214771163
2022-11-15,66.27704685303065
2022-11-16,66.35337151516639
2022-11-17,66.58508137336077
2022-11-18,66.72135585966086
2022-11-21,66.5010275733259
2022-11-22,66.09477828102132
2022-11-23,65.83870728716423
2022-11-24,65.94727757808666
2022-11-25,66.20900402309476
2022-11-28,66.75897778282452
2022-11-29,66.30083003903312
2022-11-30,66.3219679242824
2022-12-01,66.2381843903784
2022-12-02,66.10015054427937
2022-12-05,66.13916425728296
2022-12-06,66.05678206170974
2022-12-07,65.97108574846253
2022-12-08,65.77487150358976
2022-12-09,65.88748284194372
2022-12-12,66.18952190272138
2022-12-13,66.66900924737999
2022-12-14,66.49635429536234
2022-12-15,66.16207756386405
2022-12-16,66.07305857971704
2022-12-19,65.80957131168422
2022-12-20,66.12450502836508
2022-12-21,65.86164198514071
2022-12-22,65.87954507952425
2022-12-23,65.46525765189674
2022-12-26,65.34798841559807
2022-12-27,65.40222097405585
2022-12-28,65.86237802692014
2022-12-29,65.63311226982006
2022-12-30,65.7454709274217
2023-01-02,65.09478280624784
2023-01-03,64.66113527651262
2023-01-04,64.3580744312668
2023-01-05,64.17037044831089
2023-01-06,64.31306652885567
2023-01-09,64.52099387453828
2023-01-10,63.97569551251115
2023-01-11,64.15651575499452
2023-01-12,63.75823154881679
2023-01-13,64.40494764286645
2023-01-16,64.51589447132835
2023-01-17,64.56280866678107
2023-01-18,64.48821700675114
2023-01-19,64.46711835239786
2023-01-20,64.4592409642047
2023-01-23,64.22391917196165
2023-01-24,64.45955730027418
2023-01-25,64.53905188020018
2023-01-26,64.76761974629504
2023-01-27,64.7415930391179
2023-01-30,64.9415538262356
2023-01-31,64.70842402704197
2023-02-01,65.77776017661179
2023-02-02,65.46474954767177
2023-02-03,65.26691687875076
2023-02-06,65.64206278455215
2023-02-07,66.12730742860987
2023-02-08,65.78680725479225
2023-02-09,65.10033442305642
2023-02-10,64.48042224937069
2023-02-13,64.01860509027848
2023-02-14,63.65087617706732
2023-02-15,63.562450525078226
2023-02-16,63.98616439761099
2023-02-17,64.43357221374882
2023-02-20,64.15597855779825
2023-02-21,64.3683391378805
2023-02-22,64.71589440648408
2023-02-23,65.27528864728981
2023-02-24,65.19309477585993
2023-02-27,64.8770463571395
2023-02-28,65.16476582101718
2023-03-01,65.75348101057553
2023-03-02,65.52027099870224
2023-03-03,66.3025166815804
2023-03-06,67.06705236682649
2023-03-07,66.91982088147432
2023-03-08,66.17028525356056
2023-03-09,65.85640243232379
2023-03-10,65.6687101355024
2023-03-13,65.89703576841953
2023-03-14,65.13409668077911
2023-03-15,66.28914479790849
2023-03-16,67.6099576124645
2023-03-17,67.09621817154857
2023-03-20,65.86568337119235
2023-03-21,65.71247055154493
2023-03-22,65.96433294790889
2023-03-23,66.80648369552937
2023-03-24,67.24966224305423
2023-03-27,67.08702755116049
2023-03-28,65.84513674141029
2023-03-29,66.15924474477984
2023-03-30,66.68303778078568
2023-03-31,66.45009876469466
2023-04-03,66.59061412245343
2023-04-04,66.68315660326999
2023-04-05,66.51780954056981
2023-04-06,65.86498219014635
2023-04-07,66.02742389827316
2023-04-10,65.25792283307756
2023-04-11,66.00177772514654
2023-04-12,65.46650591254753
2023-04-13,65.71562703831911
2023-04-14,65.2956381151475
2023-04-17,65.47118095054655
2023-04-18,65.34007164460128
2023-04-19,65.57818789578585
2023-04-20,65.18326961766603
2023-04-21,64.40722990314012
2023-04-24,64.24515270118472
2023-04-25,64.05660978650185
2023-04-26,63.35228890198857
2023-04-27,63.00069475396401
2023-04-28,62.20258610709539
2023-05-01,62.23506231357794
2023-05-02,62.0345006026886
2023-05-03,62.019477813361235
2023-05-04,63.151954428223725
2023-05-05,63.20937969062318
2023-05-08,63.375317050522185
2023-05-09,63.66102559075103
2023-05-10,63.571144605322196
2023-05-11,63.278053892469075
2023-05-12,63.65145678734346
2023-05-15,64.0893275516899
2023-05-16,62.7830433757444
2023-05-17,62.66325350760762
2023-05-18,62.454688631691624
2023-05-19,62.14010667418306
2023-05-22,62.73385660960121
2023-05-23,62.437437854085154
2023-05-24,62.837345277222866
2023-05-25,62.5499020273618
2023-05-26,62.33493968833219
2023-05-29,62.64343520920404
2023-05-30,62.294289072612216
2023-05-31,62.202429517684266
2023-06-01,61.7219878271959
2023-06-02,61.328573888924055
2023-06-05,61.61144400182542
2023-06-06,61.83253422651281
2023-06-07,61.35695584777494
2023-06-08,60.858618982669164
2023-06-09,61.89856926228722
2023-06-12,61.55226108069706
2023-06-13,61.10548984092296
2023-06-14,61.32530799134781
2023-06-15,60.94248580141329
2023-06-16,60.75265950050066
2023-06-19,61.122485833592975
2023-06-20,61.53545352551934
2023-06-21,61.42745401728196
2023-06-22,61.96930666526249
2023-06-23,61.885180583216204
2023-06-26,61.76506818731246
2023-06-27,61.74300575352435
2023-06-28,61.607054959677285
2023-06-29,61.78516537298143
2023-06-30,61.87063987499647
2023-07-03,61.58509805508039
2023-07-04,61.631974022862344
2023-07-05,61.43679590479094
2023-07-06,61.2341625993553
2023-07-07,61.175929484485
2023-07-10,61.480808336706495
2023-07-11,61.55474457794402
2023-07-12,61.93060932822918
2023-07-13,62.41182344492542
2023-07-14,62.38600608432139
2023-07-17,62.17670363054546
2023-07-18,61.913060821139474
2023-07-19,61.988402420137646
2023-07-20,62.24346124159784
2023-07-21,62.720371671343464
2023-07-24,62.278852086660116
2023-07-25,62.57943588684118
2023-07-26,62.93077801872855
2023-07-27,63.761591624337335
2023-07-28,63.81932001533415
2023-07-31,63.78914166194474
2023-08-01,63.19870317308869
2023-08-02,62.87035558210532
2023-08-03,62.41887630631692
2023-08-04,61.999727141326865
2023-08-07,61.62364042788899
2023-08-08,61.00006650101937
2023-08-09,60.942881797708246
2023-08-10,61.08117447710363
2023-08-11,61.36186091097585
2023-08-14,61.31018096719555
2023-08-15,61.68691325299609
2023-08-16,62.07075183277565
2023-08-17,61.48987591006714
2023-08-18,61.36710798749764
2023-08-21,60.87909174176785
2023-08-22,60.48397903581771
2023-08-23,60.54137093752489
2023-08-24,60.48108224862213
2023-08-25,61.00019126153465
2023-08-28,61.769041798857806
2023-08-29,61.93315256170303
2023-08-30,61.839240507569
2023-08-31,61.76784581377706
2023-09-01,61.751258867763525
2023-09-04,61.951525564639596
2023-09-05,61.67747156103245
2023-09-06,61.87516898483789
2023-09-07,61.781357285314456
2023-09-08,62.12987039345208
2023-09-11,62.58716193437379
2023-09-12,63.197246422893706
2023-09-13,63.12696439373693
2023-09-14,62.61905585357606
2023-09-15,61.96605315834724
2023-09-18,61.83480052796667
2023-09-19,61.26631428558314
2023-09-20,60.58250445388536
2023-09-21,60.41649323324827
2023-09-22,59.99245422859845
2023-09-25,60.270817475652585
2023-09-26,61.06199591850251
2023-09-27,60.94642634735259
2023-09-28,61.072936175207914
2023-09-29,60.4004105190887
2023-10-02,60.47032929943664
2023-10-03,60.16208461633125
2023-10-04,59.69600668354329
2023-10-05,58.91089073043663
2023-10-06,59.63421495776884
2023-10-09,58.84311525460696
2023-10-10,58.21531694056045
2023-10-11,58.20711283665633
2023-10-12,58.3377957836571
2023-10-13,58.46596257972786
2023-10-16,58.506084974293216
2023-10-17,58.1101917924752
2023-10-18,58.433987960481524
2023-10-19,58.50887302667531
2023-10-20,57.91424171710877
2023-10-23,58.58929331785397
2023-10-24,58.4277302176658
2023-10-25,58.83413197768699
2023-10-26,58.200892356379455
2023-10-27,57.66230552665761
2023-10-30,57.39622994543731
2023-10-31,57.0874602519327
2023-11-01,57.51690209275243
2023-11-02,56.81851683833988
2023-11-03,56.887060842392614
2023-11-06,56.44330914383313
2023-11-07,56.66208487234069
2023-11-08,56.74502734062161
2023-11-09,56.5198342572819
2023-11-10,57.39231876264858
2023-11-13,57.36692716656711
2023-11-14,57.84027148423749
2023-11-15,57.256678410425025
2023-11-16,57.19687914113219
2023-11-17,57.23164399053341
2023-11-20,57.28622904083536
2023-11-21,57.14852328617941
2023-11-22,56.83271428349411
2023-11-23,55.68300452717533
2023-11-24,55.406780754528604
2023-11-27,54.979448959417944
2023-11-28,54.85946990724373
2023-11-29,55.234163727140974
2023-11-30,56.202962107490784
2023-12-01,56.46787532925038
2023-12-04,56.96410741325148
2023-12-05,57.271789688571616
2023-12-06,57.61979883842115
2023-12-07,57.89765392647421
2023-12-08,57.7779361680051
2023-12-11,57.63662604305295
2023-12-12,57.77861833853063
2023-12-13,58.51894013369966
2023-12-14,58.87241885499519
2023-12-15,59.590664724046384
2023-12-18,58.98512329572784
2023-12-19,59.11681724864747
2023-12-20,59.306287044290585
2023-12-21,59.54493304164763
2023-12-22,58.95769260363642
2023-12-25,58.148660337571954
2023-12-26,57.14434073869277
2023-12-27,56.937003388418916
2023-12-28,58.15366838120332
2023-12-29,58.291089378686614
2024-01-01,57.59841003970112
2024-01-02,57.80218380336897
2024-01-03,57.64030640862611
2024-01-04,57.73895932072007
2024-01-05,57.51575625531603
2024-01-08,56.890583355823544
2024-01-09,56.634603853202705
2024-01-10,56.98716233285451
2024-01-11,57.140222318880475
2024-01-12,57.70778547835596
2024-01-15,57.221036306223695
2024-01-16,57.72151615803026
2024-01-17,57.76274300725556
2024-01-18,57.86302265957235
2024-01-19,58.4178407944376
2024-01-22,58.37505199329741
2024-01-23,58.49988386803368
2024-01-24,58.779912030089854
2024-01-25,59.05910855724258
2024-01-26,59.400470579242906
2024-01-29,59.930195759673744
2024-01-30,60.16755116283164
2024-01-31,60.01295917756997
2024-02-01,60.98560981395376
2024-02-02,60.995538738975206
2024-02-05,61.18896804054007
2024-02-06,60.89217731962421
2024-02-07,60.00429432775424
2024-02-08,59.66528570791401
2024-02-09,59.722114922837065
2024-02-12,59.98344065052219
2024-02-13,60.02213145246851
2024-02-14,60.377513204735344
2024-02-15,60.812155076483755
2024-02-16,61.250084153058296
2024-02-19,61.27930667913869
2024-02-20,61.33986432544325
2024-02-21,61.28365948255073
2024-02-22,60.98545685570931
2024-02-23,61.538223879870614
2024-02-26,61.08475175394403
2024-02-27,61.08409324256749
2024-02-28,61.19706772009449
2024-02-29,60.445867000051244
2024-03-01,60.779129006788445
2024-03-04,60.66577610232557
2024-03-05,60.78119317717289
2024-03-06,60.68397527630225
2024-03-07,60.15575781513435
2024-03-08,60.25782177313172
2024-03-11,60.323544180153945
2024-03-12,60.70346578103497
2024-03-13,60.90078245045808
2024-03-14,60.34096481956509
2024-03-15,60.779057561345404
2024-03-18,61.11039907803184
2024-03-19,61.42927740009527
2024-03-20,61.640542916076114
2024-03-21,61.40972545891139
2024-03-22,61.629342291526825
2024-03-25,61.5284146066287
2024-03-26,62.546797552371046
2024-03-27,62.47384458676589
2024-03-28,62.03661159686394
2024-03-29,61.92341837820929
2024-04-01,62.54218841923191
2024-04-02,62.32805737257392
2024-04-03,61.34751616041761
2024-04-04,62.09414437903603
2024-04-05,62.29675953549211
2024-04-08,62.08578818484772
2024-04-09,62.45994401452491
2024-04-10,62.06067062763123
2024-04-11,61.55338966209435
2024-04-12,62.02823977741608
2024-04-15,61.821087348844706
2024-04-16,62.09187322902163
2024-04-17,62.12867955266549
2024-04-18,62.51122942621329
2024-04-19,62.5875573063865
2024-04-22,61.794847171343314
2024-04-23,62.13064906742966
2024-04-24,61.95405163667965
2024-04-25,62.35954375602771
2024-04-26,62.43812669826775
2024-04-29,63.05176116588734
2024-04-30,62.94742004165636
2024-05-01,62.13068221850989
2024-05-02,62.01625538527674
2024-05-03,62.2734252743789
2024-05-06,62.15768398492067
2024-05-07,61.99514904720409
2024-05-08,62.61320490357648
2024-05-09,62.579244304884604
2024-05-10,63.037806999499125
2024-05-13,63.12894454520412
2024-05-14,62.58511115805856
2024-05-15,62.229440507352564
2024-05-16,62.1313608083792
2024-05-17,62.28008012547406
2024-05-20,62.00166085001616
2024-05-21,61.505206108646505
2024-05-22,61.14510580504533
2024-05-23,60.97378438499308
2024-05-24,60.67459603491563
2024-05-27,60.488678589410085
2024-05-28,61.17935357784216
2024-05-29,61.31814049543137
2024-05-30,61.03278076821079
2024-05-31,61.05571895979336
2024-06-03,61.65679158985484
2024-06-04,61.9374934951928
2024-06-05,61.92548365240393
2024-06-06,61.45181098975645
2024-06-07,60.836581787517396
2024-06-10,60.726447714434606
2024-06-11,60.71164301275175
2024-06-12,60.13509374044688
2024-06-13,59.639133562629674
2024-06-14,59.64870607980687
2024-06-17,58.828040494741096
2024-06-18,58.11321152360408
2024-06-19,58.11710142288477
2024-06-20,58.39059229566583
2024-06-21,58.55408994795006
2024-06-24,58.995198136780616
2024-06-25,59.6854134061614
2024-06-26,60.118124527534675
2024-06-27,60.02686842756218
2024-06-28,60.980738566460715
2024-07-01,61.85733888957736
2024-07-02,62.403060825397496
2024-07-03,61.995902806522366
2024-07-04,62.243146376625155
2024-07-05,61.21015500313254
2024-07-08,61.05800156111896
2024-07-09,59.76225574000452
2024-07-10,59.53880991158815
2024-07-11,60.191748355518705
2024-07-12,60.24161906322465
2024-07-15,61.21821701273482
2024-07-16,61.2585598514072
2024-07-17,61.3590946033154
2024-07-18,61.22656750268498
2024-07-19,61.55514925198423
2024-07-22,61.575597278420844
2024-07-23,62.22512158089497
2024-07-24,63.112098820143835
2024-07-25,63.364916832574025
2024-07-26,62.795546321428276
2024-07-29,63.14109664510309
2024-07-30,63.904363603294975
2024-07-31,64.31011994061832
2024-08-01,64.51290980113717
2024-08-02,65.05213445194241
2024-08-05,65.7961640802377
2024-08-06,64.41327205307623
2024-08-07,65.45609389788886
2024-08-08,66.04855689816225
2024-08-09,66.43350898187555
2024-08-12,66.1153223331473
2024-08-13,66.31100016359296
2024-08-14,66.73534851979144
2024-08-15,65.8946771824035
2024-08-16,66.40782438340732
2024-08-19,66.50060848230174
2024-08-20,67.41178066390106
2024-08-21,67.8840363816237
2024-08-22,67.8267015940791
2024-08-23,67.90709442122103
2024-08-26,68.31398035532345
2024-08-27,68.44169993764424
2024-08-28,68.7766032358635
2024-08-29,68.45473670801394
2024-08-30,67.87585589489548
2024-09-02,67.63172074499639
2024-09-03,66.98198820322581
2024-09-04,66.63884945617762
2024-09-05,66.854016637417
2024-09-06,66.13146433343306
2024-09-09,65.57123184155449
2024-09-10,65.97911332578268
2024-09-11,65.7625695655489
2024-09-12,65.79927831372824
2024-09-13,65.28145698799652
2024-09-16,64.84639488945525
2024-09-17,64.7491794790111
2024-09-18,65.5028318420785
2024-09-19,65.754463417197
2024-09-20,65.0295760366977
2024-09-23,65.28850639579149
2024-09-24,65.76488538164114
2024-09-25,66.13415624609253
2024-09-26,65.6063326347638
2024-09-27,65.61661674205587
2024-09-30,66.62046311838112
2024-10-01,66.17941341786494
2024-10-02,66.39485118959932
2024-10-03,66.06669003646147
2024-10-04,65.49852892927233
2024-10-07,65.33110199861875
2024-10-08,65.85647452889911
2024-10-09,66.45175187310844
2024-10-10,66.06531301791426
2024-10-11,65.88119636693762
2024-10-14,65.51350585583563
2024-10-15,64.6195493117309
2024-10-16,64.96602369734647
2024-10-17,65.77615779320296
2024-10-18,66.61615429697433
2024-10-21,66.40293779008168
2024-10-22,67.16974188511189
2024-10-23,67.83743129191065
2024-10-24,67.6937194191191
2024-10-25,67.73991457053657
2024-10-28,67.59355233597304
2024-10-29,67.7613994494304
2024-10-30,68.6983784058831
2024-10-31,68.24828933512069
2024-11-01,67.66554121185032
2024-11-04,68.18168110690101
2024-11-05,68.2636602936268
2024-11-06,67.35320894298398
2024-11-07,66.85208681519731
2024-11-08,66.45792806099614
2024-11-11,66.18873388243294
2024-11-12,66.40241916565238
2024-11-13,66.94234420223745
2024-11-14,66.91167758085325
2024-11-15,67.03125779591316
2024-11-18,66.7374524116187
2024-11-19,67.24261764473309
2024-11-20,67.9043678241173
2024-11-21,67.82803424675646
2024-11-22,67.53730684528327
2024-11-25,68.51758588992149
2024-11-26,69.05079353109329
2024-11-27,68.64273312203778
2024-11-28,67.84091731460732
2024-11-29,67.73939908586198
2024-12-02,68.40826249514078
2024-12-03,68.17656939665078
2024-12-04,68.10568037533947
2024-12-05,67.91835903155918
2024-12-06,68.27608223692799
2024-12-09,68.9768789454423
2024-12-10,68.41567113912726
2024-12-11,68.32719383037369
2024-12-12,68.2848808420075
2024-12-13,68.05322615259306
2024-12-16,67.57804156685259
2024-12-17,67.99244093314377
2024-12-18,68.11180226368819
2024-12-19,68.46943169017543
2024-12-20,69.16519127050306
2024-12-23,69.05103294617035
2024-12-24,69.34008296178003
2024-12-25,69.21693619245809
2024-12-26,69.22935678822766
2024-12-27,69.41100543217131
2024-12-30,69.39474883578328
2024-12-31,68.87434079967998
2025-01-01,69.51495784972859
2025-01-02,69.62896896788489
2025-01-03,69.21357088162651
2025-01-06,68.36667422966605
2025-01-07,68.40933607106743
2025-01-08,68.75003667590236
2025-01-09,69.24324969665206
2025-01-10,69.79350831463749
2025-01-13,69.67420468316001
2025-01-14,70.01072065988471
2025-01-15,69.3966141504736
2025-01-16,69.51840577509316
2025-01-17,69.97031261117951
2025-01-20,69.75564283212988
2025-01-21,69.73880694935227
2025-01-22,69.8327000400022
2025-01-23,69.936665864846
2025-01-24,70.55924521150489
2025-01-27,70.16590563478576
2025-01-28,70.77050977937029
2025-01-29,70.2832844925764
2025-01-30,70.04414934673305
2025-01-31,69.76576755615707
2025-02-03,69.7806592689294
2025-02-04,69.63147897649384
2025-02-05,69.86859036819581
2025-02-06,69.92123766019567
2025-02-07,70.78847649586663
2025-02-10,71.01045542624476
2025-02-11,70.95514332832104
2025-02-12,71.15968650727787
2025-02-13,71.4495568050413
2025-02-14,71.42389141002235
2025-02-17,71.04788180124172
2025-02-18,70.78776251801902
2025-02-19,70.90298428134837
2025-02-20,71.25681407467468
2025-02-21,71.4827025961749
2025-02-24,71.49808744904853
2025-02-25,71.7435200359428
2025-02-26,71.61723771936794
2025-02-27,71.75089054084272
2025-02-28,72.27144636741123
2025-03-03,72.71821387536599
2025-03-04,73.26909091098022
2025-03-05,73.17370559341015
2025-03-06,73.29970299756658
2025-03-07,72.97499894910547
2025-03-10,73.36241550081563
2025-03-11,73.25095760752657
2025-03-12,72.81836636589868
2025-03-13,72.67990044054399
2025-03-14,72.81829498189117
2025-03-17,72.08431401251097
2025-03-18,71.56779464288392
2025-03-19,72.02626323728688
2025-03-20,72.11725005775266
2025-03-21,72.148211542383
2025-03-24,71.56835214635223
2025-03-25,72.27297076228645
2025-03-26,72.78549820904125
2025-03-27,73.15935666776195
2025-03-28,72.71173346900297
2025-03-31,73.02623512909568
2025-04-01,73.58877373134474
2025-04-02,73.4926019064357
2025-04-03,73.43483534215028
2025-04-04,73.28432879899681
2025-04-07,73.58125652557507
2025-04-08,73.53409890036689
2025-04-09,73.45707740846878
2025-04-10,72.95182168775334
2025-04-11,72.34639202589858
2025-04-14,72.78732862632911
2025-04-15,73.50450242488176
2025-04-16,73.95327545301298
2025-04-17,74.66030163733211
2025-04-18,74.45252573862771
2025-04-21,74.48270168088766
2025-04-22,74.70400134110461
2025-04-23,74.68175340159625
2025-04-24,75.44585762404495
2025-04-25,74.88170595922745
2025-04-28,74.66301926285234
2025-04-29,74.5541038493269
2025-04-30,74.29117192377518
2025-05-01,74.70660685499072
2025-05-02,73.89314071727314
2025-05-05,74.48860028779653
2025-05-06,74.98668860853763
2025-05-07,75.19737523213823
2025-05-08,75.92175786105943
2025-05-09,77.17634527445006
2025-05-12,77.35251013820525
2025-05-13,77.84449406446042
2025-05-14,78.13656060306208
2025-05-15,78.4944209278801
2025-05-16,78.27954423381011
2025-05-19,77.96006034060461
2025-05-20,78.33641830994594
2025-05-21,78.13243557083659
2025-05-22,78.65196026634888
2025-05-23,79.110335696483
2025-05-26,78.95070713112452
2025-05-27,79.18623909646723
2025-05-28,79.28297271350307
2025-05-29,79.27984553846225
2025-05-30,79.83308270369459
2025-06-02,79.91105456312006
2025-06-03,80.07142843901308
2025-06-04,79.31164084148912
2025-06-05,79.64909415577722
2025-06-06,79.05751693502087
2025-06-09,78.93925811954968
2025-06-10,79.73169707394503
2025-06-11,80.68185022161074
2025-06-12,80.5395673817977
2025-06-13,79.9485243188919
2025-06-16,80.23124537864976
2025-06-17,80.09414617481136
2025-06-18,80.3305836517759
2025-06-19,79.7456959678269
2025-06-20,80.36734877788105
2025-06-23,81.2281471368693
2025-06-24,80.50936138916973
2025-06-25,80.15090814387744
2025-06-26,79.8435495698498
2025-06-27,80.3057365300822
2025-06-30,79.34300529390033
2025-07-01,79.5379429832773
2025-07-02,79.48550717931921
2025-07-03,79.13823608212202
2025-07-04,79.57342105950441
2025-07-07,78.64780641179911
2025-07-08,77.96553157129131
2025-07-09,77.60087672984798
2025-07-10,78.06480593191583
2025-07-11,77.94938975409728
2025-07-14,77.58858026984696
2025-07-15,77.90467261958234
2025-07-16,77.73428967361184
2025-07-17,77.49180006450514
2025-07-18,77.41690388120121
2025-07-21,77.63527066690058
2025-07-22,78.89536764651098
2025-07-23,78.36775580158721
2025-07-24,78.59969726131771
2025-07-25,78.59327712856668
2025-07-28,78.53451938131646
2025-07-29,79.36320747302568
2025-07-30,79.85616523625698
2025-07-31,80.29439002169657
2025-08-01,80.13510236139626
2025-08-04,79.78275308202281
2025-08-05,80.00672392191888
2025-08-06,79.94419762972569
2025-08-07,79.75099237761198
2025-08-08,80.12794997053156
2025-08-11,79.65932511614001
2025-08-12,79.4039260532348
2025-08-13,79.82606876193584
2025-08-14,79.86285349743405
2025-08-15,80.22186659918576
2025-08-18,79.92919492091595
2025-08-19,80.29821582742524
2025-08-20,80.0710701006728
2025-08-21,80.70405858922838
2025-08-22,81.12787880070103
2025-08-25,81.40961037323791
2025-08-26,82.15658540026259
2025-08-27,82.40347247480896
2025-08-28,82.19259451948338
2025-08-29,82.97278224378032
2025-09-01,83.22764977130139
2025-09-02,83.89619794626564
2025-09-03,84.06044488965036
2025-09-04,84.7118731679618
2025-09-05,84.36658683063708
2025-09-08,83.832660532266
2025-09-09,83.22535187742743
2025-09-10,83.7040077101852
2025-09-11,82.80169235122958
2025-09-12,81.92635983187341
2025-09-15,81.21161259531652
2025-09-16,81.45307628236147
2025-09-17,81.80467140021527
2025-09-18,81.4532242953243
2025-09-19,81.98022577643077
2025-09-22,82.2539254145441
2025-09-23,82.99473016104439
2025-09-24,83.62053654508658
2025-09-25,83.3379001663015
2025-09-26,83.54842019135262
2025-09-29,83.56107415927325
2025-09-30,83.89250271228647
2025-10-01,84.08961615810084
2025-10-02,84.19571154425198
2025-10-03,84.62110829342643
2025-10-06,84.74212591304283
2025-10-07,85.16621139116529
2025-10-08,85.27302170974089
2025-10-09,85.2920982731771
2025-10-10,85.77467773692773
2025-10-13,86.28146063758358
2025-10-14,86.93011201238423
2025-10-15,87.32322042821738
2025-10-16,87.31818979878388
2025-10-17,87.49701724638484
2025-10-20,87.65742077047426
2025-10-21,86.98861270854758
2025-10-22,86.56734222134538
2025-10-23,87.36305276800547
2025-10-24,87.43303760917155
2025-10-27,86.16452824075157
2025-10-28,86.2083009058714
2025-10-29,86.4077600735876
2025-10-30,85.84952344008026
2025-10-31,87.20141444243032
2025-11-03,88.06368309455436
2025-11-04,88.74178337031844
2025-11-05,88.74168786028633
2025-11-06,89.17856587367068
2025-11-07,89.8382643787482
2025-11-10,90.26612761699838
2025-11-11,89.96559185737752
2025-11-12,90.19687401091639
2025-11-13,90.38694781225075
2025-11-14,90.66171222276299
2025-11-17,90.19319587109167
2025-11-18,90.44129820765417
2025-11-19,90.54376700550903
2025-11-20,90.7627748932072
2025-11-21,90.95856093088427
2025-11-24,90.35287646979216
2025-11-25,90.87496248128146
2025-11-26,91.34819235367495
2025-11-27,90.76315058093604
2025-11-28,90.80828492969256
2025-12-01,90.47634345949955
2025-12-02,90.34361849725116
2025-12-03,90.90561333764987
2025-12-04,91.25069126006731
2025-12-05,92.29359365774916
2025-12-08,92.43860883547681
2025-12-09,91.93245553196967
2025-12-10,92.0826210285565
2025-12-11,90.91476738723404
2025-12-12,92.0736162979919
2025-12-15,92.3476367770147
2025-12-16,92.73093368365384
2025-12-17,92.91900287817187
2025-12-18,92.49390419596101
2025-12-19,92.50866675848239
2025-12-22,92.14482427477196
2025-12-23,91.93942787774249
2025-12-24,92.1917388648048
2025-12-25,91.63323076828308
2025-12-26,92.57261044128192
2025-12-29,92.03098109460005
2025-12-30,92.57806200545777
2025-12-31,92.27890140771771
